risk_band,children,missed,prevalence_missed,pct_children,pct_all_missed
high,2171,2168,0.9986181483187471,0.37736832956718236,0.9631274988893825
medium,88,77,0.875,0.015296367112810707,0.034207019102621056
low,3494,6,0.0017172295363480253,0.607335303320007,0.0026654820079964462
